{"cameraMode":{"drawMode":0,"name":"Shaded","section":"Shading Mode"},"sceneLighting":true,"audioPlay":false,"sceneViewState":{"m_AlwaysRefresh":false,"showFog":true,"showSkybox":true,"showFlares":true,"showImageEffects":true,"showParticleSystems":true,"showVisualEffectGraphs":true,"m_FxEnabled":true},"in2DMode":false,"pivot":{"x":4.54714822769165,"y":1.6868746280670167,"z":-2.6047165393829347},"rotation":{"x":-0.12798485159873963,"y":0.030648574233055116,"z":-0.003956902772188187,"w":-0.9913039207458496},"size":6.454588890075684,"orthographic":false}